{
  "name": "David Honisch",
  "age": 18,
  "gender": "Male",
  "department": "English",
  "car": "Ferrari",
  "state": "show",
  "x": 754,
  "y": 300,
  "width": 1051,
  "height": 840,
  "root": "d:\\xampp\\htdocs\\cms\\application\\release-builds\\lc2search-win32-x64\\",
  "pos": {
    "activeScreenTopLeftData": {
      "x": 20,
      "y": 20
    },
    "activeScreenTopLeftCalced": true,
    "display": {
      "id": 2528732444,
      "bounds": {
        "x": 0,
        "y": 0,
        "width": 2560,
        "height": 1440
      },
      "workArea": {
        "x": 0,
        "y": 0,
        "width": 2560,
        "height": 1440
      },
      "accelerometerSupport": "unknown",
      "monochrome": false,
      "colorDepth": 24,
      "colorSpace": "{primaries:BT709, transfer:IEC61966_2_1, matrix:RGB, range:FULL}",
      "depthPerComponent": 8,
      "size": {
        "width": 2560,
        "height": 1440
      },
      "displayFrequency": 60,
      "workAreaSize": {
        "width": 2560,
        "height": 1440
      },
      "scaleFactor": 1.5,
      "rotation": 0,
      "internal": false,
      "touchSupport": "unknown"
    }
  },
  "dirs": {
    "appName": "LC2Navigator.2021",
    "appAuthor": "david@honisch.org",
    "appVersion": "v.1.01",
    "_useRoaming": true,
    "_platform": null,
    "_userDataTemplate": "C:\\Users\\David\\AppData\\Roaming\\{1}\\{0}",
    "_userConfigTemplate": "C:\\Users\\David\\AppData\\Roaming\\{1}\\{0}",
    "_userCacheTemplate": "C:\\Users\\David\\AppData\\Local\\{1}\\{0}\\Cache",
    "_userLogsTemplate": "C:\\Users\\David\\AppData\\Local\\{1}\\{0}\\Logs"
  },
  "posApp": {},
  "data": {
    "x": 754,
    "y": 300,
    "width": 1051,
    "height": 840
  }
}