.\\resources\\cmd\\updates.bat|Core Updates v.0.001
.\\resources\\cmd\\getupdates.bat /plugins/core.zip core.zip|Core Plugin Downloader v.0.001
.\\resources\\cmd\\getupdates.bat /plugins/graburls.zip graburls.zip|Grab Url Plugin Downloader v.0.001
.\\resources\\cmd\\getupdates.bat /plugins/grabandimporturls.zip grabandimporturls.zip|GrabAndImportUrls Plugin Downloader v.0.001
.\\resources\\cmd\\getupdates.bat /plugins/excelimport.zip excelimport.zip|Excel Import and Export Plugin Downloader v.0.001
.\\resources\\cmd\\getupdates.bat /plugins/excelimport.zip excelimport.zip|Excel GrabAndImportUrls Plugin Downloader v.0.001 (Down.Coming soon.Update later...)
.\\resources\\cmd\\getupdates.bat /plugins/atariemulator.zip atariemulator.zip|Emulator Plugin Downloader v.0.001
